-- MySQL dump 10.13  Distrib 8.0.21, for Win64 (x86_64)
--
-- Host: localhost    Database: student_database_system
-- ------------------------------------------------------
-- Server version	8.0.21

/*!40101 SET @OLD_CHARACTER_SET_CLIENT=@@CHARACTER_SET_CLIENT */;
/*!40101 SET @OLD_CHARACTER_SET_RESULTS=@@CHARACTER_SET_RESULTS */;
/*!40101 SET @OLD_COLLATION_CONNECTION=@@COLLATION_CONNECTION */;
/*!50503 SET NAMES utf8mb4 */;
/*!40103 SET @OLD_TIME_ZONE=@@TIME_ZONE */;
/*!40103 SET TIME_ZONE='+00:00' */;
/*!40014 SET @OLD_UNIQUE_CHECKS=@@UNIQUE_CHECKS, UNIQUE_CHECKS=0 */;
/*!40014 SET @OLD_FOREIGN_KEY_CHECKS=@@FOREIGN_KEY_CHECKS, FOREIGN_KEY_CHECKS=0 */;
/*!40101 SET @OLD_SQL_MODE=@@SQL_MODE, SQL_MODE='NO_AUTO_VALUE_ON_ZERO' */;
/*!40111 SET @OLD_SQL_NOTES=@@SQL_NOTES, SQL_NOTES=0 */;

--
-- Dumping data for table `achievements`
--

LOCK TABLES `achievements` WRITE;
/*!40000 ALTER TABLE `achievements` DISABLE KEYS */;
INSERT INTO `achievements` VALUES ('2020CE001','Coding Hackathon',NULL,'Python',4),('2020CE002',NULL,'Drama Club',NULL,5),('2020CE003','Math Olympiad','Sports Fest',NULL,6),('2020CE004',NULL,NULL,'AutoCAD',7),('2020CSE001','AI Workshop, Hackathon',NULL,'Python, SQL',8),('2020CSE002',NULL,'Photography Club',NULL,9),('2020CSE003','Coding Competition',NULL,NULL,10),('2020CSE004',NULL,'Music Club','Java',11),('2020IT001','Web Development Contest',NULL,'HTML, CSS',12),('2020IT002',NULL,NULL,NULL,13),('2020IT003','Coding Marathon','Debate Club','React',14),('2020IT004',NULL,'Sports Fest',NULL,15);
/*!40000 ALTER TABLE `achievements` ENABLE KEYS */;
UNLOCK TABLES;

--
-- Dumping data for table `admission`
--

LOCK TABLES `admission` WRITE;
/*!40000 ALTER TABLE `admission` DISABLE KEYS */;
INSERT INTO `admission` VALUES (1,'2020CE001','2020-07-01','CE',88.50,'Y','N',2020),(2,'2020CE002','2020-07-01','CE',91.00,'N','Y',2020),(3,'2020CE003','2020-07-01','CE',85.75,'Y','Y',2020),(4,'2020CE004','2020-07-01','CE',89.25,'N','N',2020),(5,'2020CSE001','2020-07-01','CSE',92.50,'Y','Y',2020),(6,'2020CSE002','2020-07-01','CSE',87.00,'N','Y',2020),(7,'2020CSE003','2020-07-01','CSE',90.25,'Y','N',2020),(8,'2020CSE004','2020-07-01','CSE',86.50,'N','Y',2020),(9,'2020IT001','2020-07-01','IT',88.00,'Y','Y',2020),(10,'2020IT002','2020-07-01','IT',91.50,'N','N',2020),(11,'2020IT003','2020-07-01','IT',84.75,'Y','N',2020),(12,'2020IT004','2020-07-01','IT',89.00,'N','Y',2020),(13,'2021CE001','2021-07-01','CE',87.50,'Y','N',2021),(14,'2021CE002','2021-07-01','CE',90.25,'N','Y',2021),(15,'2021CE003','2021-07-01','CE',92.00,'Y','Y',2021),(16,'2021CE004','2021-07-01','CE',88.75,'N','N',2021),(17,'2021CSE001','2021-07-01','CSE',89.50,'Y','N',2021),(18,'2021CSE002','2021-07-01','CSE',91.00,'N','Y',2021),(19,'2021CSE003','2021-07-01','CSE',86.25,'Y','Y',2021),(20,'2021CSE004','2021-07-01','CSE',90.75,'N','N',2021),(21,'2021IT001','2021-07-01','IT',92.50,'Y','N',2021),(22,'2021IT002','2021-07-01','IT',87.25,'N','Y',2021),(23,'2021IT003','2021-07-01','IT',89.00,'Y','Y',2021),(24,'2021IT004','2021-07-01','IT',85.50,'N','N',2021),(25,'2022CE001','2022-07-01','CE',88.25,'Y','Y',2022),(26,'2022CE002','2022-07-01','CE',91.50,'N','Y',2022),(27,'2022CE003','2022-07-01','CE',87.75,'Y','N',2022),(28,'2022CE004','2022-07-01','CE',90.00,'N','N',2022),(29,'2022CSE001','2022-07-01','CSE',92.25,'Y','Y',2022),(30,'2022CSE002','2022-07-01','CSE',89.75,'N','Y',2022),(31,'2022CSE003','2022-07-01','CSE',90.50,'Y','N',2022),(32,'2022CSE004','2022-07-01','CSE',86.25,'N','N',2022),(33,'2022IT001','2022-07-01','IT',88.50,'Y','N',2022),(34,'2022IT002','2022-07-01','IT',91.00,'N','Y',2022),(35,'2022IT003','2022-07-01','IT',87.25,'Y','Y',2022),(36,'2022IT004','2022-07-01','IT',89.75,'N','N',2022),(37,'2022AIML001','2022-07-01','AIML',93.50,'Y','Y',2022),(38,'2022AIML002','2022-07-01','AIML',90.25,'N','Y',2022),(39,'2022AIML003','2022-07-01','AIML',91.75,'Y','N',2022),(40,'2022AIML004','2022-07-01','AIML',88.50,'N','N',2022);
/*!40000 ALTER TABLE `admission` ENABLE KEYS */;
UNLOCK TABLES;

--
-- Dumping data for table `faculty`
--

LOCK TABLES `faculty` WRITE;
/*!40000 ALTER TABLE `faculty` DISABLE KEYS */;
INSERT INTO `faculty` VALUES ('APS','ANKIT','SHAH','P.',50000.00,'ashah@gmail.com','9876543210'),('ARD','AMRITA','DAS','R.',40000.00,'adas@gmail.com','9123456780'),('ARP','ANKIT','PATEL','R.',40000.00,'apatel@gmail.com','9988776655'),('BAW','BARKHA','WADHWANI','A.',60000.00,'bwadhwani@gmail.com','9876123456'),('BHS','BHAVISHA','SHAH','H.',45000.00,'bshah@gmail.com','9012345678'),('DMJ','DEEPA','TOM','R.',35000.00,'dtom@gmail.com','9876501234'),('HAP','HEMANGINI','PATEL','A.',45000.00,'hpatelgmail.com','9123456700'),('KED','KAIVAL','DAVE','E.',45000.00,'kdave@gmail.com','9988123456'),('KMP','KAMLESH','PATEL','M.',30000.00,'kpatel@gmail.com','9876001122'),('NND','NIKIT','DESHMUKH','N.',40000.00,'ndeshmukh@gmail.com','9011223344'),('PDF','PANKTY','FRUITWALA','D.',40000.00,'pfruitwala@gmail.com','9877112233'),('PVV','PRIYANKA','VASHI','V.',50000.00,'pvashi@gmail.com','9122334455'),('RHC','RAVIRAJ','CHAUHAN','H.',60000.00,'rchauhan@gmail.com','9988445566'),('RKR','RAKESH','KUMAR','R.',45000.00,'rkumar@gmail.com','9877665544'),('SEV','SUMIT','VADHER','E.',45000.00,'svadher@gmail.com','9011334455'),('VSC','VIKAS','CHOMAL','S.',55000.00,'vchomal@gmail.com','9988556677');
/*!40000 ALTER TABLE `faculty` ENABLE KEYS */;
UNLOCK TABLES;

--
-- Dumping data for table `fees`
--

LOCK TABLES `fees` WRITE;
/*!40000 ALTER TABLE `fees` DISABLE KEYS */;
INSERT INTO `fees` VALUES (1,'2020CE001',50000.00,50000.00,'Online'),(1,'2020CE002',50000.00,50000.00,'Offline'),(1,'2020CE003',50000.00,50000.00,'Online'),(1,'2020CE004',50000.00,50000.00,'Offline'),(1,'2020CSE001',52000.00,52000.00,'Online'),(1,'2020CSE002',52000.00,40000.00,'Offline'),(1,'2020CSE003',52000.00,52000.00,'Online'),(1,'2020CSE004',52000.00,30000.00,'Offline'),(1,'2020IT001',52000.00,52000.00,'Online'),(1,'2020IT002',52000.00,40000.00,'Offline'),(1,'2020IT003',52000.00,52000.00,'Online'),(1,'2020IT004',52000.00,30000.00,'Offline'),(2,'2020CE001',50000.00,50000.00,'Online'),(2,'2020CE002',50000.00,50000.00,'Offline'),(2,'2020CE003',50000.00,50000.00,'Online'),(2,'2020CE004',50000.00,50000.00,'Offline'),(2,'2020CSE001',52000.00,52000.00,'Online'),(2,'2020CSE002',52000.00,52000.00,'Offline'),(2,'2020CSE003',52000.00,35000.00,'Online'),(2,'2020CSE004',52000.00,52000.00,'Offline'),(2,'2020IT001',52000.00,52000.00,'Online'),(2,'2020IT002',52000.00,52000.00,'Offline'),(2,'2020IT003',52000.00,35000.00,'Online'),(2,'2020IT004',52000.00,52000.00,'Offline'),(3,'2020CE001',50000.00,50000.00,'Online'),(3,'2020CE002',50000.00,50000.00,'Offline'),(3,'2020CE003',50000.00,50000.00,'Online'),(3,'2020CE004',50000.00,50000.00,'Offline'),(3,'2020CSE001',52000.00,52000.00,'Online'),(3,'2020CSE002',52000.00,45000.00,'Offline'),(3,'2020CSE003',52000.00,52000.00,'Online'),(3,'2020CSE004',52000.00,52000.00,'Offline'),(3,'2020IT001',52000.00,52000.00,'Online'),(3,'2020IT002',52000.00,45000.00,'Offline'),(3,'2020IT003',52000.00,52000.00,'Online'),(3,'2020IT004',52000.00,52000.00,'Offline'),(4,'2020CE001',50000.00,50000.00,'Online'),(4,'2020CE002',50000.00,50000.00,'Offline'),(4,'2020CE003',50000.00,50000.00,'Online'),(4,'2020CE004',50000.00,50000.00,'Offline'),(4,'2020CSE001',52000.00,52000.00,'Online'),(4,'2020CSE002',52000.00,52000.00,'Offline'),(4,'2020CSE003',52000.00,52000.00,'Online'),(4,'2020CSE004',52000.00,40000.00,'Offline'),(4,'2020IT001',52000.00,52000.00,'Online'),(4,'2020IT002',52000.00,52000.00,'Offline'),(4,'2020IT003',52000.00,52000.00,'Online'),(4,'2020IT004',52000.00,40000.00,'Offline'),(5,'2020CE001',50000.00,50000.00,'Online'),(5,'2020CE002',50000.00,50000.00,'Offline'),(5,'2020CE003',50000.00,50000.00,'Online'),(5,'2020CE004',50000.00,50000.00,'Offline'),(5,'2020CSE001',52000.00,52000.00,'Online'),(5,'2020CSE002',52000.00,52000.00,'Offline'),(5,'2020CSE003',52000.00,48000.00,'Online'),(5,'2020CSE004',52000.00,52000.00,'Offline'),(5,'2020IT001',52000.00,52000.00,'Online'),(5,'2020IT002',52000.00,52000.00,'Offline'),(5,'2020IT003',52000.00,48000.00,'Online'),(5,'2020IT004',52000.00,52000.00,'Offline'),(6,'2020CE001',50000.00,50000.00,'Online'),(6,'2020CE002',50000.00,50000.00,'Offline'),(6,'2020CE003',50000.00,50000.00,'Online'),(6,'2020CE004',50000.00,50000.00,'Offline'),(6,'2020CSE001',52000.00,52000.00,'Online'),(6,'2020CSE002',52000.00,52000.00,'Offline'),(6,'2020CSE003',52000.00,52000.00,'Online'),(6,'2020CSE004',52000.00,45000.00,'Offline'),(6,'2020IT001',52000.00,52000.00,'Online'),(6,'2020IT002',52000.00,52000.00,'Offline'),(6,'2020IT003',52000.00,52000.00,'Online'),(6,'2020IT004',52000.00,45000.00,'Offline'),(7,'2020CE001',50000.00,50000.00,'Online'),(7,'2020CE002',50000.00,50000.00,'Offline'),(7,'2020CE003',50000.00,50000.00,'Online'),(7,'2020CE004',50000.00,50000.00,'Offline'),(7,'2020CSE001',52000.00,52000.00,'Online'),(7,'2020CSE002',52000.00,52000.00,'Offline'),(7,'2020CSE003',52000.00,52000.00,'Online'),(7,'2020CSE004',52000.00,50000.00,'Offline'),(7,'2020IT001',52000.00,52000.00,'Online'),(7,'2020IT002',52000.00,52000.00,'Offline'),(7,'2020IT003',52000.00,52000.00,'Online'),(7,'2020IT004',52000.00,50000.00,'Offline'),(8,'2020CE001',50000.00,50000.00,'Online'),(8,'2020CE002',50000.00,50000.00,'Offline'),(8,'2020CE003',50000.00,50000.00,'Online'),(8,'2020CE004',50000.00,50000.00,'Offline'),(8,'2020CSE001',52000.00,52000.00,'Online'),(8,'2020CSE002',52000.00,52000.00,'Offline'),(8,'2020CSE003',52000.00,52000.00,'Online'),(8,'2020CSE004',52000.00,52000.00,'Offline'),(8,'2020IT001',52000.00,52000.00,'Online'),(8,'2020IT002',52000.00,52000.00,'Offline'),(8,'2020IT003',52000.00,52000.00,'Online'),(8,'2020IT004',52000.00,52000.00,'Offline');
/*!40000 ALTER TABLE `fees` ENABLE KEYS */;
UNLOCK TABLES;

--
-- Dumping data for table `program`
--

LOCK TABLES `program` WRITE;
/*!40000 ALTER TABLE `program` DISABLE KEYS */;
INSERT INTO `program` VALUES (2020,'CE','Computer Engineering',4,'BHS'),(2020,'CSE','Computer Science & Engineering',4,'BAW'),(2020,'IT','Information Technology',4,'PVV'),(2021,'CE','Computer Engineering',4,'BHS'),(2021,'CSE','Computer Science & Engineering',4,'BAW'),(2021,'IT','Information Technology',4,'PVV'),(2022,'AIML','Artificial Intelligence & Machine Learning',4,'VSC'),(2022,'CE','Computer Engineering',4,'BHS'),(2022,'CSE','Computer Science & Engineering',4,'BAW'),(2022,'IT','Information Technology',4,'PVV');
/*!40000 ALTER TABLE `program` ENABLE KEYS */;
UNLOCK TABLES;

--
-- Dumping data for table `result`
--

LOCK TABLES `result` WRITE;
/*!40000 ALTER TABLE `result` DISABLE KEYS */;
INSERT INTO `result` VALUES (2,'2020CE001',8.50,0,21,2020,'CE','CFLS1010'),(3,'2020CE001',8.75,0,30,2020,'CE','CFLS1020'),(1,'2020CE001',8.75,0,15,2020,'CE','SECE1050'),(3,'2020CE001',8.75,0,30,2020,'CE','SECE2021'),(3,'2020CE001',8.75,0,30,2020,'CE','SECE2031'),(3,'2020CE001',8.75,0,30,2020,'CE','SECE2111'),(3,'2020CE001',8.75,0,30,2020,'CE','SECE2120'),(4,'2020CE001',8.50,0,24,2020,'CE','SECE2130'),(4,'2020CE001',8.50,0,24,2020,'CE','SECE2140'),(4,'2020CE001',8.50,0,24,2020,'CE','SECE2150'),(4,'2020CE001',8.50,0,24,2020,'CE','SECE2160'),(4,'2020CE001',8.50,0,24,2020,'CE','SECE2170'),(5,'2020CE001',8.60,0,20,2020,'CE','SECE3010'),(5,'2020CE001',8.60,0,20,2020,'CE','SECE3020'),(5,'2020CE001',8.60,0,20,2020,'CE','SECE3030'),(5,'2020CE001',8.60,0,20,2020,'CE','SECE3040'),(5,'2020CE001',8.60,0,20,2020,'CE','SECE3050'),(6,'2020CE001',8.40,0,21,2020,'CE','SECE3060'),(6,'2020CE001',8.40,0,21,2020,'CE','SECE3070'),(6,'2020CE001',8.40,0,21,2020,'CE','SECE3080'),(6,'2020CE001',8.40,0,21,2020,'CE','SECE3090'),(6,'2020CE001',8.40,0,21,2020,'CE','SECE3100'),(7,'2020CE001',8.60,0,19,2020,'CE','SECE4010'),(7,'2020CE001',8.60,0,19,2020,'CE','SECE4020'),(7,'2020CE001',8.60,0,19,2020,'CE','SECE4030'),(7,'2020CE001',8.60,0,19,2020,'CE','SECE4040'),(7,'2020CE001',8.60,0,19,2020,'CE','SECE4050'),(8,'2020CE001',8.50,0,14,2020,'CE','SECE4060'),(8,'2020CE001',8.50,0,14,2020,'CE','SECE4070'),(8,'2020CE001',8.50,0,14,2020,'CE','SECE4080'),(8,'2020CE001',8.50,0,14,2020,'CE','SECE4090'),(1,'2020CE001',8.75,0,15,2020,'CE','SECV1040'),(1,'2020CE001',8.75,0,15,2020,'CE','SEHV1010'),(2,'2020CE001',8.50,0,21,2020,'CE','SEIT1010'),(2,'2020CE001',8.50,0,21,2020,'CE','SEIT1030'),(3,'2020CE001',8.75,0,30,2020,'CE','SEIT2041'),(2,'2020CE001',8.50,0,21,2020,'CE','SEME1020'),(2,'2020CE001',8.50,0,21,2020,'CE','SEME1040'),(1,'2020CE001',8.75,0,15,2020,'CE','SESH1070'),(2,'2020CE001',8.50,0,21,2020,'CE','SESH1080'),(2,'2020CE001',8.50,0,21,2020,'CE','SESH1210'),(1,'2020CE001',8.75,0,15,2020,'CE','SESH1240'),(3,'2020CE001',8.75,0,30,2020,'CE','SESH2040'),(2,'2020CE002',8.25,1,20,2020,'CE','CFLS1010'),(3,'2020CE002',8.25,1,29,2020,'CE','CFLS1020'),(1,'2020CE002',8.50,1,14,2020,'CE','SECE1050'),(3,'2020CE002',8.25,1,29,2020,'CE','SECE2021'),(3,'2020CE002',8.25,1,29,2020,'CE','SECE2031'),(3,'2020CE002',8.25,1,29,2020,'CE','SECE2111'),(3,'2020CE002',8.25,1,29,2020,'CE','SECE2120'),(4,'2020CE002',8.00,1,23,2020,'CE','SECE2130'),(4,'2020CE002',8.00,1,23,2020,'CE','SECE2140'),(4,'2020CE002',8.00,1,23,2020,'CE','SECE2150'),(4,'2020CE002',8.00,1,23,2020,'CE','SECE2160'),(4,'2020CE002',8.00,1,23,2020,'CE','SECE2170'),(5,'2020CE002',8.10,1,19,2020,'CE','SECE3010'),(5,'2020CE002',8.10,1,19,2020,'CE','SECE3020'),(5,'2020CE002',8.10,1,19,2020,'CE','SECE3030'),(5,'2020CE002',8.10,1,19,2020,'CE','SECE3040'),(5,'2020CE002',8.10,1,19,2020,'CE','SECE3050'),(6,'2020CE002',7.80,1,20,2020,'CE','SECE3060'),(6,'2020CE002',7.80,1,20,2020,'CE','SECE3070'),(6,'2020CE002',7.80,1,20,2020,'CE','SECE3080'),(6,'2020CE002',7.80,1,20,2020,'CE','SECE3090'),(6,'2020CE002',7.80,1,20,2020,'CE','SECE3100'),(7,'2020CE002',7.90,1,18,2020,'CE','SECE4010'),(7,'2020CE002',7.90,1,18,2020,'CE','SECE4020'),(7,'2020CE002',7.90,1,18,2020,'CE','SECE4030'),(7,'2020CE002',7.90,1,18,2020,'CE','SECE4040'),(7,'2020CE002',7.90,1,18,2020,'CE','SECE4050'),(8,'2020CE002',7.80,1,13,2020,'CE','SECE4060'),(8,'2020CE002',7.80,1,13,2020,'CE','SECE4070'),(8,'2020CE002',7.80,1,13,2020,'CE','SECE4080'),(8,'2020CE002',7.80,1,13,2020,'CE','SECE4090'),(1,'2020CE002',8.50,1,14,2020,'CE','SECV1040'),(1,'2020CE002',8.50,1,14,2020,'CE','SEHV1010'),(2,'2020CE002',8.25,1,20,2020,'CE','SEIT1010'),(2,'2020CE002',8.25,1,20,2020,'CE','SEIT1030'),(3,'2020CE002',8.25,1,29,2020,'CE','SEIT2041'),(2,'2020CE002',8.25,1,20,2020,'CE','SEME1020'),(2,'2020CE002',8.25,1,20,2020,'CE','SEME1040'),(1,'2020CE002',8.50,1,14,2020,'CE','SESH1070'),(2,'2020CE002',8.25,1,20,2020,'CE','SESH1080'),(2,'2020CE002',8.25,1,20,2020,'CE','SESH1210'),(1,'2020CE002',8.50,1,14,2020,'CE','SESH1240'),(3,'2020CE002',8.25,1,29,2020,'CE','SESH2040'),(2,'2020CE003',9.00,0,22,2020,'CE','CFLS1010'),(3,'2020CE003',9.00,0,31,2020,'CE','CFLS1020'),(1,'2020CE003',9.00,0,16,2020,'CE','SECE1050'),(3,'2020CE003',9.00,0,31,2020,'CE','SECE2021'),(3,'2020CE003',9.00,0,31,2020,'CE','SECE2031'),(3,'2020CE003',9.00,0,31,2020,'CE','SECE2111'),(3,'2020CE003',9.00,0,31,2020,'CE','SECE2120'),(4,'2020CE003',9.00,0,25,2020,'CE','SECE2130'),(4,'2020CE003',9.00,0,25,2020,'CE','SECE2140'),(4,'2020CE003',9.00,0,25,2020,'CE','SECE2150'),(4,'2020CE003',9.00,0,25,2020,'CE','SECE2160'),(4,'2020CE003',9.00,0,25,2020,'CE','SECE2170'),(5,'2020CE003',9.20,0,21,2020,'CE','SECE3010'),(5,'2020CE003',9.20,0,21,2020,'CE','SECE3020'),(5,'2020CE003',9.20,0,21,2020,'CE','SECE3030'),(5,'2020CE003',9.20,0,21,2020,'CE','SECE3040'),(5,'2020CE003',9.20,0,21,2020,'CE','SECE3050'),(6,'2020CE003',9.00,0,22,2020,'CE','SECE3060'),(6,'2020CE003',9.00,0,22,2020,'CE','SECE3070'),(6,'2020CE003',9.00,0,22,2020,'CE','SECE3080'),(6,'2020CE003',9.00,0,22,2020,'CE','SECE3090'),(6,'2020CE003',9.00,0,22,2020,'CE','SECE3100'),(7,'2020CE003',9.10,0,20,2020,'CE','SECE4010'),(7,'2020CE003',9.10,0,20,2020,'CE','SECE4020'),(7,'2020CE003',9.10,0,20,2020,'CE','SECE4030'),(7,'2020CE003',9.10,0,20,2020,'CE','SECE4040'),(7,'2020CE003',9.10,0,20,2020,'CE','SECE4050'),(8,'2020CE003',9.20,0,15,2020,'CE','SECE4060'),(8,'2020CE003',9.20,0,15,2020,'CE','SECE4070'),(8,'2020CE003',9.20,0,15,2020,'CE','SECE4080'),(8,'2020CE003',9.20,0,15,2020,'CE','SECE4090'),(1,'2020CE003',9.00,0,16,2020,'CE','SECV1040'),(1,'2020CE003',9.00,0,16,2020,'CE','SEHV1010'),(2,'2020CE003',9.00,0,22,2020,'CE','SEIT1010'),(2,'2020CE003',9.00,0,22,2020,'CE','SEIT1030'),(3,'2020CE003',9.00,0,31,2020,'CE','SEIT2041'),(2,'2020CE003',9.00,0,22,2020,'CE','SEME1020'),(2,'2020CE003',9.00,0,22,2020,'CE','SEME1040'),(1,'2020CE003',9.00,0,16,2020,'CE','SESH1070'),(2,'2020CE003',9.00,0,22,2020,'CE','SESH1080'),(2,'2020CE003',9.00,0,22,2020,'CE','SESH1210'),(1,'2020CE003',9.00,0,16,2020,'CE','SESH1240'),(3,'2020CE003',9.00,0,31,2020,'CE','SESH2040'),(2,'2020CE004',8.00,1,19,2020,'CE','CFLS1010'),(3,'2020CE004',8.00,2,28,2020,'CE','CFLS1020'),(1,'2020CE004',8.25,1,14,2020,'CE','SECE1050'),(3,'2020CE004',8.00,2,28,2020,'CE','SECE2021'),(3,'2020CE004',8.00,2,28,2020,'CE','SECE2031'),(3,'2020CE004',8.00,2,28,2020,'CE','SECE2111'),(3,'2020CE004',8.00,2,28,2020,'CE','SECE2120'),(4,'2020CE004',7.75,2,22,2020,'CE','SECE2130'),(4,'2020CE004',7.75,2,22,2020,'CE','SECE2140'),(4,'2020CE004',7.75,2,22,2020,'CE','SECE2150'),(4,'2020CE004',7.75,2,22,2020,'CE','SECE2160'),(4,'2020CE004',7.75,2,22,2020,'CE','SECE2170'),(5,'2020CE004',7.90,2,18,2020,'CE','SECE3010'),(5,'2020CE004',7.90,2,18,2020,'CE','SECE3020'),(5,'2020CE004',7.90,2,18,2020,'CE','SECE3030'),(5,'2020CE004',7.90,2,18,2020,'CE','SECE3040'),(5,'2020CE004',7.90,2,18,2020,'CE','SECE3050'),(6,'2020CE004',7.50,2,19,2020,'CE','SECE3060'),(6,'2020CE004',7.50,2,19,2020,'CE','SECE3070'),(6,'2020CE004',7.50,2,19,2020,'CE','SECE3080'),(6,'2020CE004',7.50,2,19,2020,'CE','SECE3090'),(6,'2020CE004',7.50,2,19,2020,'CE','SECE3100'),(7,'2020CE004',7.70,2,17,2020,'CE','SECE4010'),(7,'2020CE004',7.70,2,17,2020,'CE','SECE4020'),(7,'2020CE004',7.70,2,17,2020,'CE','SECE4030'),(7,'2020CE004',7.70,2,17,2020,'CE','SECE4040'),(7,'2020CE004',7.70,2,17,2020,'CE','SECE4050'),(8,'2020CE004',7.60,2,12,2020,'CE','SECE4060'),(8,'2020CE004',7.60,2,12,2020,'CE','SECE4070'),(8,'2020CE004',7.60,2,12,2020,'CE','SECE4080'),(8,'2020CE004',7.60,2,12,2020,'CE','SECE4090'),(1,'2020CE004',8.25,1,14,2020,'CE','SECV1040'),(1,'2020CE004',8.25,1,14,2020,'CE','SEHV1010'),(2,'2020CE004',8.00,1,19,2020,'CE','SEIT1010'),(2,'2020CE004',8.00,1,19,2020,'CE','SEIT1030'),(3,'2020CE004',8.00,2,28,2020,'CE','SEIT2041'),(2,'2020CE004',8.00,1,19,2020,'CE','SEME1020'),(2,'2020CE004',8.00,1,19,2020,'CE','SEME1040'),(1,'2020CE004',8.25,1,14,2020,'CE','SESH1070'),(2,'2020CE004',8.00,1,19,2020,'CE','SESH1080'),(2,'2020CE004',8.00,1,19,2020,'CE','SESH1210'),(1,'2020CE004',8.25,1,14,2020,'CE','SESH1240'),(3,'2020CE004',8.00,2,28,2020,'CE','SESH2040'),(2,'2020CSE001',8.60,0,21,2020,'CSE','CFLS1010'),(3,'2020CSE001',8.70,0,30,2020,'CSE','CFLS1020'),(1,'2020CSE001',8.50,0,15,2020,'CSE','SECE1050'),(3,'2020CSE001',8.70,0,30,2020,'CSE','SECE2021'),(3,'2020CSE001',8.70,0,30,2020,'CSE','SECE2031'),(3,'2020CSE001',8.70,0,30,2020,'CSE','SECE2111'),(3,'2020CSE001',8.70,0,30,2020,'CSE','SECE2120'),(4,'2020CSE001',8.50,0,25,2020,'CSE','SECE2130'),(4,'2020CSE001',8.50,0,25,2020,'CSE','SECE2140'),(4,'2020CSE001',8.50,0,25,2020,'CSE','SECE2150'),(4,'2020CSE001',8.50,0,25,2020,'CSE','SECE2160'),(4,'2020CSE001',8.50,0,25,2020,'CSE','SECE2170'),(5,'2020CSE001',8.50,0,25,2020,'CSE','SECE3010'),(5,'2020CSE001',8.50,0,25,2020,'CSE','SECE3020'),(5,'2020CSE001',8.50,0,25,2020,'CSE','SECE3030'),(5,'2020CSE001',8.50,0,25,2020,'CSE','SECE3040'),(5,'2020CSE001',8.50,0,25,2020,'CSE','SECE3050'),(6,'2020CSE001',8.60,0,20,2020,'CSE','SECE3060'),(6,'2020CSE001',8.60,0,20,2020,'CSE','SECE3070'),(6,'2020CSE001',8.60,0,20,2020,'CSE','SECE3080'),(6,'2020CSE001',8.60,0,20,2020,'CSE','SECE3090'),(6,'2020CSE001',8.60,0,20,2020,'CSE','SECE3100'),(1,'2020CSE001',8.50,0,15,2020,'CSE','SEHV1010'),(2,'2020CSE001',8.60,0,21,2020,'CSE','SEIT1010'),(2,'2020CSE001',8.60,0,21,2020,'CSE','SEIT1030'),(1,'2020CSE001',8.50,0,15,2020,'CSE','SEIT1040'),(3,'2020CSE001',8.70,0,30,2020,'CSE','SEIT2041'),(2,'2020CSE001',8.60,0,21,2020,'CSE','SEME1020'),(2,'2020CSE001',8.60,0,21,2020,'CSE','SEME1040'),(1,'2020CSE001',8.50,0,15,2020,'CSE','SESH1070'),(2,'2020CSE001',8.60,0,21,2020,'CSE','SESH1080'),(2,'2020CSE001',8.60,0,21,2020,'CSE','SESH1210'),(1,'2020CSE001',8.50,0,15,2020,'CSE','SESH1240'),(3,'2020CSE001',8.70,0,30,2020,'CSE','SESH2040'),(2,'2020CSE002',8.10,0,21,2020,'CSE','CFLS1010'),(3,'2020CSE002',8.10,0,30,2020,'CSE','CFLS1020'),(1,'2020CSE002',8.00,0,15,2020,'CSE','SECE1050'),(3,'2020CSE002',8.10,0,30,2020,'CSE','SECE2021'),(3,'2020CSE002',8.10,0,30,2020,'CSE','SECE2031'),(3,'2020CSE002',8.10,0,30,2020,'CSE','SECE2111'),(3,'2020CSE002',8.10,0,30,2020,'CSE','SECE2120'),(4,'2020CSE002',8.20,0,25,2020,'CSE','SECE2130'),(4,'2020CSE002',8.20,0,25,2020,'CSE','SECE2140'),(4,'2020CSE002',8.20,0,25,2020,'CSE','SECE2150'),(4,'2020CSE002',8.20,0,25,2020,'CSE','SECE2160'),(4,'2020CSE002',8.20,0,25,2020,'CSE','SECE2170'),(5,'2020CSE002',8.20,0,25,2020,'CSE','SECE3010'),(5,'2020CSE002',8.20,0,25,2020,'CSE','SECE3020'),(5,'2020CSE002',8.20,0,25,2020,'CSE','SECE3030'),(5,'2020CSE002',8.20,0,25,2020,'CSE','SECE3040'),(5,'2020CSE002',8.20,0,25,2020,'CSE','SECE3050'),(6,'2020CSE002',8.10,0,20,2020,'CSE','SECE3060'),(6,'2020CSE002',8.10,0,20,2020,'CSE','SECE3070'),(6,'2020CSE002',8.10,0,20,2020,'CSE','SECE3080'),(6,'2020CSE002',8.10,0,20,2020,'CSE','SECE3090'),(6,'2020CSE002',8.10,0,20,2020,'CSE','SECE3100'),(1,'2020CSE002',8.00,0,15,2020,'CSE','SEHV1010'),(2,'2020CSE002',8.10,0,21,2020,'CSE','SEIT1010'),(2,'2020CSE002',8.10,0,21,2020,'CSE','SEIT1030'),(1,'2020CSE002',8.00,0,15,2020,'CSE','SEIT1040'),(3,'2020CSE002',8.10,0,30,2020,'CSE','SEIT2041'),(2,'2020CSE002',8.10,0,21,2020,'CSE','SEME1020'),(2,'2020CSE002',8.10,0,21,2020,'CSE','SEME1040'),(1,'2020CSE002',8.00,0,15,2020,'CSE','SESH1070'),(2,'2020CSE002',8.10,0,21,2020,'CSE','SESH1080'),(2,'2020CSE002',8.10,0,21,2020,'CSE','SESH1210'),(1,'2020CSE002',8.00,0,15,2020,'CSE','SESH1240'),(3,'2020CSE002',8.10,0,30,2020,'CSE','SESH2040'),(2,'2020CSE003',9.20,0,21,2020,'CSE','CFLS1010'),(3,'2020CSE003',9.20,0,30,2020,'CSE','CFLS1020'),(1,'2020CSE003',9.00,0,15,2020,'CSE','SECE1050'),(3,'2020CSE003',9.20,0,30,2020,'CSE','SECE2021'),(3,'2020CSE003',9.20,0,30,2020,'CSE','SECE2031'),(3,'2020CSE003',9.20,0,30,2020,'CSE','SECE2111'),(3,'2020CSE003',9.20,0,30,2020,'CSE','SECE2120'),(4,'2020CSE003',9.00,0,25,2020,'CSE','SECE2130'),(4,'2020CSE003',9.00,0,25,2020,'CSE','SECE2140'),(4,'2020CSE003',9.00,0,25,2020,'CSE','SECE2150'),(4,'2020CSE003',9.00,0,25,2020,'CSE','SECE2160'),(4,'2020CSE003',9.00,0,25,2020,'CSE','SECE2170'),(5,'2020CSE003',9.00,0,25,2020,'CSE','SECE3010'),(5,'2020CSE003',9.00,0,25,2020,'CSE','SECE3020'),(5,'2020CSE003',9.00,0,25,2020,'CSE','SECE3030'),(5,'2020CSE003',9.00,0,25,2020,'CSE','SECE3040'),(5,'2020CSE003',9.00,0,25,2020,'CSE','SECE3050'),(6,'2020CSE003',9.00,0,20,2020,'CSE','SECE3060'),(6,'2020CSE003',9.00,0,20,2020,'CSE','SECE3070'),(6,'2020CSE003',9.00,0,20,2020,'CSE','SECE3080'),(6,'2020CSE003',9.00,0,20,2020,'CSE','SECE3090'),(6,'2020CSE003',9.00,0,20,2020,'CSE','SECE3100'),(1,'2020CSE003',9.00,0,15,2020,'CSE','SEHV1010'),(2,'2020CSE003',9.20,0,21,2020,'CSE','SEIT1010'),(2,'2020CSE003',9.20,0,21,2020,'CSE','SEIT1030'),(1,'2020CSE003',9.00,0,15,2020,'CSE','SEIT1040'),(3,'2020CSE003',9.20,0,30,2020,'CSE','SEIT2041'),(2,'2020CSE003',9.20,0,21,2020,'CSE','SEME1020'),(2,'2020CSE003',9.20,0,21,2020,'CSE','SEME1040'),(1,'2020CSE003',9.00,0,15,2020,'CSE','SESH1070'),(2,'2020CSE003',9.20,0,21,2020,'CSE','SESH1080'),(2,'2020CSE003',9.20,0,21,2020,'CSE','SESH1210'),(1,'2020CSE003',9.00,0,15,2020,'CSE','SESH1240'),(3,'2020CSE003',9.20,0,30,2020,'CSE','SESH2040'),(2,'2020CSE004',7.90,1,21,2020,'CSE','CFLS1010'),(3,'2020CSE004',7.90,1,30,2020,'CSE','CFLS1020'),(1,'2020CSE004',7.50,1,15,2020,'CSE','SECE1050'),(3,'2020CSE004',7.90,1,30,2020,'CSE','SECE2021'),(3,'2020CSE004',7.90,1,30,2020,'CSE','SECE2031'),(3,'2020CSE004',7.90,1,30,2020,'CSE','SECE2111'),(3,'2020CSE004',7.90,1,30,2020,'CSE','SECE2120'),(4,'2020CSE004',7.80,1,25,2020,'CSE','SECE2130'),(4,'2020CSE004',7.80,1,25,2020,'CSE','SECE2140'),(4,'2020CSE004',7.80,1,25,2020,'CSE','SECE2150'),(4,'2020CSE004',7.80,1,25,2020,'CSE','SECE2160'),(4,'2020CSE004',7.80,1,25,2020,'CSE','SECE2170'),(5,'2020CSE004',7.80,1,25,2020,'CSE','SECE3010'),(5,'2020CSE004',7.80,1,25,2020,'CSE','SECE3020'),(5,'2020CSE004',7.80,1,25,2020,'CSE','SECE3030'),(5,'2020CSE004',7.80,1,25,2020,'CSE','SECE3040'),(5,'2020CSE004',7.80,1,25,2020,'CSE','SECE3050'),(6,'2020CSE004',7.90,1,20,2020,'CSE','SECE3060'),(6,'2020CSE004',7.90,1,20,2020,'CSE','SECE3070'),(6,'2020CSE004',7.90,1,20,2020,'CSE','SECE3080'),(6,'2020CSE004',7.90,1,20,2020,'CSE','SECE3090'),(6,'2020CSE004',7.90,1,20,2020,'CSE','SECE3100'),(1,'2020CSE004',7.50,1,15,2020,'CSE','SEHV1010'),(2,'2020CSE004',7.90,1,21,2020,'CSE','SEIT1010'),(2,'2020CSE004',7.90,1,21,2020,'CSE','SEIT1030'),(1,'2020CSE004',7.50,1,15,2020,'CSE','SEIT1040'),(3,'2020CSE004',7.90,1,30,2020,'CSE','SEIT2041'),(2,'2020CSE004',7.90,1,21,2020,'CSE','SEME1020'),(2,'2020CSE004',7.90,1,21,2020,'CSE','SEME1040'),(1,'2020CSE004',7.50,1,15,2020,'CSE','SESH1070'),(2,'2020CSE004',7.90,1,21,2020,'CSE','SESH1080'),(2,'2020CSE004',7.90,1,21,2020,'CSE','SESH1210'),(1,'2020CSE004',7.50,1,15,2020,'CSE','SESH1240'),(3,'2020CSE004',7.90,1,30,2020,'CSE','SESH2040');
/*!40000 ALTER TABLE `result` ENABLE KEYS */;
UNLOCK TABLES;

--
-- Dumping data for table `student`
--

LOCK TABLES `student` WRITE;
/*!40000 ALTER TABLE `student` DISABLE KEYS */;
INSERT INTO `student` VALUES ('2020CE001','Vivaan','Desai','Rajesh','12 Ring Road, Surat','vivaan.desai20@gmail.com','9876500001','2003-01-05'),('2020CE002','Saanvi','Patel','Ramesh','34 Pal Road, Surat','saanvi.patel20@gmail.com','9876500002','2003-02-12'),('2020CE003','Aarohi','Sharma','Mahesh','56 Adajan, Surat','aarohi.sharma20@gmail.com','9876500003','2003-03-20'),('2020CE004','Reyansh','Mehta','Suresh','78 Ring Road, Surat','reyansh.mehta20@gmail.com','9876500004','2003-04-25'),('2020CSE001','Aarav','Shah','Vikram','11 MG Road, Surat','aarav.shah20@gmail.com','9876500005','2003-01-15'),('2020CSE002','Aanya','Joshi','Prakash','22 Nehru Street, Surat','aanya.joshi20@gmail.com','9876500006','2003-03-30'),('2020CSE003','Ishaan','Patel','Sanjay','33 Athwalines, Surat','ishaan.patel20@gmail.com','9876500007','2003-06-10'),('2020CSE004','Diya','Shah','Manoj','44 GIDC, Surat','diya.shah20@gmail.com','9876500008','2003-09-05'),('2020IT001','Raghav','Gupta','Ashok','22 Vesu, Surat','raghav.gupta20@gmail.com','9876500009','2003-06-18'),('2020IT002','Kiara','Shah','Rajiv','11 GIDC, Surat','kiara.shah20@gmail.com','9876500010','2003-10-05'),('2020IT003','Advait','Mehta','Nitin','44 Ring Road, Surat','advait.mehta20@gmail.com','9876500011','2003-03-27'),('2020IT004','Tara','Patel','Vijay','88 MG Road, Surat','tara.patel20@gmail.com','9876500012','2003-09-09'),('2021CE001','Vivaan','Mehta','Rajesh','12 Ring Road, Surat','vivaan.mehta21@gmail.com','9876500013','2003-03-15'),('2021CE002','Saanvi','Patel','Ramesh','34 Pal Road, Surat','saanvi.patel21@gmail.com','9876500014','2003-07-25'),('2021CE003','Aarohi','Shah','Mahesh','56 Adajan, Surat','aarohi.shah21@gmail.com','9876500015','2003-08-17'),('2021CE004','Reyansh','Joshi','Suresh','78 Ring Road, Surat','reyansh.joshi21@gmail.com','9876500016','2003-12-04'),('2021CSE001','Aarav','Mehta','Vikram','11 MG Road, Surat','aarav.mehta21@gmail.com','9876500017','2003-01-12'),('2021CSE002','Aanya','Shah','Prakash','22 Nehru Street, Surat','aanya.shah21@gmail.com','9876500018','2003-05-08'),('2021CSE003','Ishaan','Patel','Sanjay','33 Athwalines, Surat','ishaan.patel21@gmail.com','9876500019','2003-09-22'),('2021CSE004','Diya','Desai','Manoj','44 GIDC, Surat','diya.desai21@gmail.com','9876500020','2003-11-30'),('2021IT001','Raghav','Sharma','Ashok','22 Vesu, Surat','raghav.sharma21@gmail.com','9876500021','2003-06-28'),('2021IT002','Kiara','Mehta','Rajiv','11 GIDC, Surat','kiara.mehta21@gmail.com','9876500022','2003-09-03'),('2021IT003','Advait','Patel','Nitin','44 Ring Road, Surat','advait.patel21@gmail.com','9876500023','2003-03-30'),('2021IT004','Tara','Shah','Vijay','88 MG Road, Surat','tara.shah21@gmail.com','9876500024','2003-11-11'),('2022AIML001','Arjun','Shah','Ramesh','33 Vesu, Surat','arjun.shah22@gmail.com','9876500037','2002-12-22'),('2022AIML002','Myra','Desai','Lalit','78 Vesu, Surat','myra.desai22@gmail.com','9876500038','2003-05-02'),('2022AIML003','Krishna','Patel','Sanjay','56 Athwalines, Surat','krishna.patel22@gmail.com','9876500039','2003-07-15'),('2022AIML004','Diya','Sharma','Vikram','21 GIDC, Surat','diya.sharma22@gmail.com','9876500040','2003-11-30'),('2022CE001','Vivaan','Desai','Rajesh','12 Ring Road, Surat','vivaan.desai22@gmail.com','9876500025','2003-01-05'),('2022CE002','Saanvi','Kumar','Ramesh','34 Pal Road, Surat','saanvi.kumar22@gmail.com','9876500026','2003-07-22'),('2022CE003','Aarohi','Sharma','Mahesh','56 Adajan, Surat','aarohi.sharma22@gmail.com','9876500027','2003-08-18'),('2022CE004','Reyansh','Mehta','Suresh','78 Ring Road, Surat','reyansh.mehta22@gmail.com','9876500028','2003-12-04'),('2022CSE001','Aarav','Joshi','Vikram','11 MG Road, Surat','aarav.joshi22@gmail.com','9876500029','2003-01-09'),('2022CSE002','Aanya','Sharma','Prakash','22 Nehru Street, Surat','aanya.sharma22@gmail.com','9876500030','2003-05-15'),('2022CSE003','Ishaan','Mehta','Sanjay','33 Athwalines, Surat','ishaan.mehta22@gmail.com','9876500031','2003-09-22'),('2022CSE004','Diya','Patel','Manoj','44 GIDC, Surat','diya.patel22@gmail.com','9876500032','2003-11-30'),('2022IT001','Raghav','Patel','Ashok','22 Vesu, Surat','raghav.patel22@gmail.com','9876500033','2003-06-18'),('2022IT002','Kiara','Shah','Rajiv','11 GIDC, Surat','kiara.shah22@gmail.com','9876500034','2003-09-10'),('2022IT003','Advait','Mehta','Nitin','44 Ring Road, Surat','advait.mehta22@gmail.com','9876500035','2003-03-27'),('2022IT004','Tara','Patel','Vijay','88 MG Road, Surat','tara.patel22@gmail.com','9876500036','2003-12-11');
/*!40000 ALTER TABLE `student` ENABLE KEYS */;
UNLOCK TABLES;

--
-- Dumping data for table `subject`
--

LOCK TABLES `subject` WRITE;
/*!40000 ALTER TABLE `subject` DISABLE KEYS */;
INSERT INTO `subject` VALUES (2020,1,'CE','SECE1050','Programming for Problem Solving','VSC',5),(2020,1,'CE','SECV1040','Basic of Civil & Mechanical Engineering','RKR',5),(2020,1,'CE','SEHV1010','Universal Human Values','ARP',0),(2020,1,'CE','SESH1070','Fundamentals of Mathematics','PDF',4),(2020,1,'CE','SESH1240','Electrical & Electronics Workshop','DMJ',1),(2020,1,'CSE','SECE1050','Programming for Problem Solving','VSC',5),(2020,1,'CSE','SEHV1010','Universal Human Values','ARP',0),(2020,1,'CSE','SEIT1040','Basics of Electronics & Digital Logic','RKR',5),(2020,1,'CSE','SESH1070','Fundamentals of Mathematics','PDF',4),(2020,1,'CSE','SESH1240','Electrical & Electronics Workshop','DMJ',1),(2020,1,'IT','SEHV1010','Universal Human Values','ARP',0),(2020,1,'IT','SEIT1040','Basics of Electronics & Digital Logic','RKR',5),(2020,1,'IT','SEIT1050','Programming for Problem Solving','VSC',5),(2020,1,'IT','SESH1070','Fundamentals of Mathematics','PDF',4),(2020,1,'IT','SESH1240','Electrical & Electronics Workshop','DMJ',1),(2020,2,'CE','CFLS1010','Linguistic Proficiency','ARP',2),(2020,2,'CE','SEIT1010','Introduction to Web Designing','HAP',1),(2020,2,'CE','SEIT1030','Object Oriented Programming with Java','VSC',5),(2020,2,'CE','SEME1020','Engineering Workshop','KMP',1),(2020,2,'CE','SEME1040','Concept of Engineering Workshop','RKR',3),(2020,2,'CE','SESH1080','Linear Algebra & Calculus','PDF',5),(2020,2,'CE','SESH1210','Applied Physics','NND',4),(2020,2,'CSE','CFLS1010','Linguistic Proficiency','ARP',2),(2020,2,'CSE','SEIT1010','Introduction to Web Designing','HAP',1),(2020,2,'CSE','SEIT1030','Object Oriented Programming with Java','VSC',5),(2020,2,'CSE','SEME1020','Engineering Workshop','KMP',1),(2020,2,'CSE','SEME1040','Concept of Engineering Workshop','RKR',3),(2020,2,'CSE','SESH1080','Linear Algebra & Calculus','PDF',5),(2020,2,'CSE','SESH1210','Applied Physics','NND',4),(2020,2,'IT','CFLS1010','Linguistic Proficiency','ARP',2),(2020,2,'IT','SEIT1010','Introduction to Web Designing','HAP',1),(2020,2,'IT','SEIT1030','Object Oriented Programming with Java','VSC',5),(2020,2,'IT','SEME1020','Engineering Workshop','KMP',1),(2020,2,'IT','SEME1040','Concept of Engineering Workshop','RKR',3),(2020,2,'IT','SESH1080','Linear Algebra & Calculus','PDF',5),(2020,2,'IT','SESH1210','Applied Physics','NND',4),(2020,3,'CE','CFLS1020','Global Communication Skills','ARP',4),(2020,3,'CE','SECE2021','Digital Workshop','DMJ',1),(2020,3,'CE','SECE2031','Data Structures','PVV',5),(2020,3,'CE','SECE2111','Database Management System','RHC',5),(2020,3,'CE','SECE2120','Programming with Python','BAW',5),(2020,3,'CE','SEIT2041','Mobile Application Development','BHS',5),(2020,3,'CE','SESH2040','Discrete Mathematics','PDF',5),(2020,3,'CSE','CFLS1020','Global Communication Skills','ARP',4),(2020,3,'CSE','SECE2021','Digital Workshop','DMJ',1),(2020,3,'CSE','SECE2031','Data Structures','PVV',5),(2020,3,'CSE','SECE2111','Database Management System','RHC',5),(2020,3,'CSE','SECE2120','Programming with Python','BAW',5),(2020,3,'CSE','SEIT2041','Mobile Application Development','BHS',5),(2020,3,'CSE','SESH2040','Discrete Mathematics','PDF',5),(2020,3,'IT','CFLS1020','Global Communication Skills','ARP',4),(2020,3,'IT','SEIT2021','Digital Workshop','DMJ',1),(2020,3,'IT','SEIT2031','Data Structures','PVV',5),(2020,3,'IT','SEIT2041','Mobile Application Development','BHS',5),(2020,3,'IT','SEIT2111','Database Management System','RHC',5),(2020,3,'IT','SEIT2120','Programming with Python','BAW',5),(2020,3,'IT','SESH2040','Discrete Mathematics','PDF',5),(2020,4,'CE','SECE2130','Computer Organization & Architecture','RKR',5),(2020,4,'CE','SECE2140','Operating Systems','APS',5),(2020,4,'CE','SECE2150','Software Engineering','SEV',4),(2020,4,'CE','SECE2160','Design & Analysis of Algorithms','VSC',5),(2020,4,'CE','SECE2170','Computer Networks','PVV',5),(2020,4,'CSE','SECE2130','Computer Organization & Architecture','RKR',5),(2020,4,'CSE','SECE2140','Operating Systems','APS',5),(2020,4,'CSE','SECE2150','Software Engineering','SEV',4),(2020,4,'CSE','SECE2160','Design & Analysis of Algorithms','VSC',5),(2020,4,'CSE','SECE2170','Computer Networks','PVV',5),(2020,4,'IT','SEIT2130','Computer Organization & Architecture','RKR',5),(2020,4,'IT','SEIT2140','Operating Systems','APS',5),(2020,4,'IT','SEIT2150','Software Engineering','SEV',4),(2020,4,'IT','SEIT2160','Design & Analysis of Algorithms','VSC',5),(2020,4,'IT','SEIT2170','Computer Networks','PVV',5),(2020,5,'CE','SECE3010','Compiler Design','RHC',5),(2020,5,'CE','SECE3020','Artificial Intelligence','BHS',4),(2020,5,'CE','SECE3030','Web Technologies','HAP',4),(2020,5,'CE','SECE3040','Machine Learning','BAW',4),(2020,5,'CE','SECE3050','Elective-I (Cyber Security)','NND',3),(2020,5,'CSE','SECE3010','Compiler Design','RHC',5),(2020,5,'CSE','SECE3020','Artificial Intelligence','BHS',4),(2020,5,'CSE','SECE3030','Web Technologies','HAP',4),(2020,5,'CSE','SECE3040','Machine Learning','BAW',4),(2020,5,'CSE','SECE3050','Elective-I (Cyber Security)','NND',3),(2020,5,'IT','SEIT3010','Compiler Design','RHC',5),(2020,5,'IT','SEIT3020','Artificial Intelligence','BHS',4),(2020,5,'IT','SEIT3030','Web Technologies','HAP',4),(2020,5,'IT','SEIT3040','Machine Learning','BAW',4),(2020,5,'IT','SEIT3050','Elective-I (Cyber Security)','NND',3),(2020,6,'CE','SECE3060','Theory of Computation','PDF',5),(2020,6,'CE','SECE3070','Cloud Computing','SEV',4),(2020,6,'CE','SECE3080','Data Mining & Warehousing','APS',4),(2020,6,'CE','SECE3090','Software Project Management','KED',3),(2020,6,'CE','SECE3100','Elective-II (IoT)','PVV',3),(2020,6,'CSE','SECE3060','Theory of Computation','PDF',5),(2020,6,'CSE','SECE3070','Cloud Computing','SEV',4),(2020,6,'CSE','SECE3080','Data Mining & Warehousing','APS',4),(2020,6,'CSE','SECE3090','Software Project Management','KED',3),(2020,6,'CSE','SECE3100','Elective-II (IoT)','PVV',3),(2020,6,'IT','SEIT3060','Theory of Computation','PDF',5),(2020,6,'IT','SEIT3070','Cloud Computing','SEV',4),(2020,6,'IT','SEIT3080','Data Mining & Warehousing','APS',4),(2020,6,'IT','SEIT3090','Software Project Management','KED',3),(2020,6,'IT','SEIT3100','Elective-II (IoT)','PVV',3),(2020,7,'CE','SECE4010','Big Data Analytics','BAW',4),(2020,7,'CE','SECE4020','Deep Learning','VSC',4),(2020,7,'CE','SECE4030','Distributed Systems','RKR',5),(2020,7,'CE','SECE4040','Elective-III (Blockchain Technology)','RHC',4),(2020,7,'CE','SECE4050','Seminar & Project-I','DMJ',2),(2020,7,'CSE','SECE4010','Big Data Analytics','BAW',4),(2020,7,'CSE','SECE4020','Deep Learning','VSC',4),(2020,7,'CSE','SECE4030','Distributed Systems','RKR',5),(2020,7,'CSE','SECE4040','Elective-III (Blockchain Technology)','RHC',4),(2020,7,'CSE','SECE4050','Seminar & Project-I','DMJ',2),(2020,7,'IT','SEIT4010','Big Data Analytics','BAW',4),(2020,7,'IT','SEIT4020','Deep Learning','VSC',4),(2020,7,'IT','SEIT4030','Distributed Systems','RKR',5),(2020,7,'IT','SEIT4040','Elective-III (Blockchain Technology)','RHC',4),(2020,7,'IT','SEIT4050','Seminar & Project-I','DMJ',2),(2020,8,'CE','SECE4060','Information Retrieval','PDF',3),(2020,8,'CE','SECE4070','Elective-IV (AI & Robotics)','BHS',3),(2020,8,'CE','SECE4080','Major Project','RHC',6),(2020,8,'CE','SECE4090','Internship/Industry Training','APS',2),(2020,8,'CSE','SECE4060','Information Retrieval','PDF',3),(2020,8,'CSE','SECE4070','Elective-IV (AI & Robotics)','BHS',3),(2020,8,'CSE','SECE4080','Major Project','RHC',6),(2020,8,'CSE','SECE4090','Internship/Industry Training','APS',2),(2020,8,'IT','SEIT4060','Information Retrieval','PDF',3),(2020,8,'IT','SEIT4070','Elective-IV (AI & Robotics)','BHS',3),(2020,8,'IT','SEIT4080','Major Project','RHC',6),(2020,8,'IT','SEIT4090','Internship/Industry Training','APS',2),(2021,1,'CE','SECE1050','Programming for Problem Solving','VSC',5),(2021,1,'CE','SECV1040','Basics of Civil & Mechanical Engineering','RKR',5),(2021,1,'CE','SEHV1010','Universal Human Values','ARP',0),(2021,1,'CE','SESH1070','Fundamentals of Mathematics','PDF',4),(2021,1,'CE','SESH1240','Electrical & Electronics Workshop','DMJ',1),(2021,1,'CSE','SECE1050','Programming for Problem Solving','VSC',5),(2021,1,'CSE','SECV1040','Basics of Civil & Mechanical Engineering','RKR',5),(2021,1,'CSE','SEHV1010','Universal Human Values','ARP',0),(2021,1,'CSE','SESH1070','Fundamentals of Mathematics','PDF',4),(2021,1,'CSE','SESH1240','Electrical & Electronics Workshop','DMJ',1),(2021,1,'IT','SEHV1010','Universal Human Values','ARP',0),(2021,1,'IT','SEIT1010','Introduction to Web Designing','HAP',1),(2021,1,'IT','SEIT1020','Programming for Problem Solving','VSC',5),(2021,1,'IT','SEIT1030','Basics of Electronics & Electrical Engineering','DMJ',1),(2021,1,'IT','SESH1070','Fundamentals of Mathematics','PDF',4),(2021,2,'CE','CFLS1010','Linguistic Proficiency','ARP',2),(2021,2,'CE','SEIT1010','Introduction to Engineering Drawing','HAP',1),(2021,2,'CE','SEIT1030','Object Oriented Programming with Java','VSC',5),(2021,2,'CE','SEME1020','Engineering Workshop','KMP',1),(2021,2,'CE','SEME1040','Concept of Engineering Workshop','RKR',3),(2021,2,'CE','SESH1080','Linear Algebra & Calculus','PDF',5),(2021,2,'CE','SESH1210','Applied Physics','NND',4),(2021,2,'CSE','CFLS1010','Linguistic Proficiency','ARP',2),(2021,2,'CSE','SEIT1010','Introduction to Web Designing','HAP',1),(2021,2,'CSE','SEIT1030','Object Oriented Programming with Java','VSC',5),(2021,2,'CSE','SEME1020','Engineering Workshop','KMP',1),(2021,2,'CSE','SEME1040','Concept of Engineering Workshop','RKR',3),(2021,2,'CSE','SESH1080','Linear Algebra & Calculus','PDF',5),(2021,2,'CSE','SESH1210','Applied Physics','NND',4),(2021,2,'IT','CFLS1010','Linguistic Proficiency','ARP',2),(2021,2,'IT','SEIT2010','Object Oriented Programming with Java','VSC',5),(2021,2,'IT','SEIT2020','Database Management System','RHC',5),(2021,2,'IT','SEIT2030','Engineering Workshop','KMP',1),(2021,2,'IT','SEIT2040','Mobile Application Development','BHS',5),(2021,2,'IT','SEIT2050','Linear Algebra & Calculus','PDF',5),(2021,3,'CE','CFLS1020','Global Communication Skills','ARP',4),(2021,3,'CE','SECE2021','Digital Workshop','DMJ',1),(2021,3,'CE','SECE2031','Data Structures','PVV',5),(2021,3,'CE','SECE2111','Database Management System','RHC',5),(2021,3,'CE','SECE2120','Programming with Python','BAW',5),(2021,3,'CE','SEIT2041','Mobile Application Development','BHS',5),(2021,3,'CE','SESH2040','Discrete Mathematics','PDF',5),(2021,3,'CSE','CFLS1020','Global Communication Skills','ARP',4),(2021,3,'CSE','SECE2021','Digital Workshop','DMJ',1),(2021,3,'CSE','SECE2031','Data Structures','PVV',5),(2021,3,'CSE','SECE2111','Database Management System','RHC',5),(2021,3,'CSE','SECE2120','Programming with Python','BAW',5),(2021,3,'CSE','SEIT2041','Mobile Application Development','BHS',5),(2021,3,'CSE','SESH2040','Discrete Mathematics','PDF',5),(2021,3,'IT','CFLS1020','Global Communication Skills','ARP',4),(2021,3,'IT','SEIT3010','Data Structures','PVV',5),(2021,3,'IT','SEIT3020','Computer Networks','PVV',5),(2021,3,'IT','SEIT3030','Discrete Mathematics','PDF',5),(2021,3,'IT','SEIT3040','Digital Workshop','DMJ',1),(2021,3,'IT','SEIT3050','Programming with Python','BAW',5),(2021,4,'CE','SECE2130','Computer Organization & Architecture','RKR',5),(2021,4,'CE','SECE2140','Operating Systems','APS',5),(2021,4,'CE','SECE2150','Software Engineering','SEV',4),(2021,4,'CE','SECE2160','Design & Analysis of Algorithms','VSC',5),(2021,4,'CE','SECE2170','Computer Networks','PVV',5),(2021,4,'CSE','SECE2130','Computer Organization & Architecture','RKR',5),(2021,4,'CSE','SECE2140','Operating Systems','APS',5),(2021,4,'CSE','SECE2150','Software Engineering','SEV',4),(2021,4,'CSE','SECE2160','Design & Analysis of Algorithms','VSC',5),(2021,4,'CSE','SECE2170','Computer Networks','PVV',5),(2021,4,'IT','SEIT4010','Software Engineering','SEV',4),(2021,4,'IT','SEIT4020','Operating Systems','APS',5),(2021,4,'IT','SEIT4030','Computer Organization & Architecture','RKR',5),(2021,4,'IT','SEIT4040','Design & Analysis of Algorithms','VSC',5),(2021,4,'IT','SEIT4050','Elective-I (Cyber Security)','NND',3),(2021,5,'CE','SECE3010','Compiler Design','RHC',5),(2021,5,'CE','SECE3020','Artificial Intelligence','BHS',4),(2021,5,'CE','SECE3030','Web Technologies','HAP',4),(2021,5,'CE','SECE3040','Machine Learning','BAW',4),(2021,5,'CE','SECE3050','Elective-I (Cyber Security)','NND',3),(2021,5,'CSE','SECE3010','Compiler Design','RHC',5),(2021,5,'CSE','SECE3020','Artificial Intelligence','BHS',4),(2021,5,'CSE','SECE3030','Web Technologies','HAP',4),(2021,5,'CSE','SECE3040','Machine Learning','BAW',4),(2021,5,'CSE','SECE3050','Elective-I (Cyber Security)','NND',3),(2021,5,'IT','SEIT5010','Web Technologies','HAP',4),(2021,5,'IT','SEIT5020','Artificial Intelligence','BHS',4),(2021,5,'IT','SEIT5030','Machine Learning','BAW',4),(2021,5,'IT','SEIT5040','Compiler Design','RHC',5),(2021,5,'IT','SEIT5050','Elective-II (IoT)','PVV',3),(2021,6,'CE','SECE3060','Theory of Computation','PDF',5),(2021,6,'CE','SECE3070','Cloud Computing','SEV',4),(2021,6,'CE','SECE3080','Data Mining & Warehousing','APS',4),(2021,6,'CE','SECE3090','Software Project Management','KED',3),(2021,6,'CE','SECE3100','Elective-II (IoT)','PVV',3),(2021,6,'CSE','SECE3060','Theory of Computation','PDF',5),(2021,6,'CSE','SECE3070','Cloud Computing','SEV',4),(2021,6,'CSE','SECE3080','Data Mining & Warehousing','APS',4),(2021,6,'CSE','SECE3090','Software Project Management','KED',3),(2021,6,'CSE','SECE3100','Elective-II (IoT)','PVV',3),(2021,6,'IT','SEIT6010','Data Mining & Warehousing','APS',4),(2021,6,'IT','SEIT6020','Cloud Computing','SEV',4),(2021,6,'IT','SEIT6030','Theory of Computation','PDF',5),(2021,6,'IT','SEIT6040','Software Project Management','KED',3),(2021,6,'IT','SEIT6050','Elective-III (Blockchain Technology)','RHC',4),(2021,7,'CE','SECE4010','Big Data Analytics','BAW',4),(2021,7,'CE','SECE4020','Deep Learning','VSC',4),(2021,7,'CE','SECE4030','Distributed Systems','RKR',5),(2021,7,'CE','SECE4040','Elective-III (Blockchain Technology)','RHC',4),(2021,7,'CE','SECE4050','Seminar & Project-I','DMJ',2),(2021,7,'CSE','SECE4010','Big Data Analytics','BAW',4),(2021,7,'CSE','SECE4020','Deep Learning','VSC',4),(2021,7,'CSE','SECE4030','Distributed Systems','RKR',5),(2021,7,'CSE','SECE4040','Elective-III (Blockchain Technology)','RHC',4),(2021,7,'CSE','SECE4050','Seminar & Project-I','DMJ',2),(2021,7,'IT','SEIT7010','Big Data Analytics','BAW',4),(2021,7,'IT','SEIT7020','Deep Learning','VSC',4),(2021,7,'IT','SEIT7030','Distributed Systems','RKR',5),(2021,7,'IT','SEIT7040','Elective-IV (AI & Robotics)','BHS',3),(2021,7,'IT','SEIT7050','Seminar & Project-I','DMJ',2),(2021,8,'CE','SECE4060','Information Retrieval','PDF',3),(2021,8,'CE','SECE4070','Elective-IV (AI & Robotics)','BHS',3),(2021,8,'CE','SECE4080','Major Project','RHC',6),(2021,8,'CE','SECE4090','Internship/Industry Training','APS',2),(2021,8,'CSE','SECE4060','Information Retrieval','PDF',3),(2021,8,'CSE','SECE4070','Elective-IV (AI & Robotics)','BHS',3),(2021,8,'CSE','SECE4080','Major Project','RHC',6),(2021,8,'CSE','SECE4090','Internship/Industry Training','APS',2),(2021,8,'IT','SEIT8010','Major Project','RHC',6),(2021,8,'IT','SEIT8020','Internship/Industry Training','APS',2),(2021,8,'IT','SEIT8030','Information Retrieval','PDF',3),(2021,8,'IT','SEIT8040','Elective-V (Cloud Security)','SEV',3),(2022,1,'AIML','SAIML1010','Universal Human Values','ARP',0),(2022,1,'AIML','SAIML1040','Basics of Mathematics for AI','PDF',5),(2022,1,'AIML','SAIML1050','Programming for Problem Solving','VSC',5),(2022,1,'AIML','SAIML1070','Introduction to AI','BAW',4),(2022,1,'AIML','SAIML1080','Electrical & Electronics Workshop','DMJ',1),(2022,1,'CE','SECE1050','Programming for Problem Solving','VSC',5),(2022,1,'CE','SECV1040','Basics of Civil & Mechanical Engineering','RKR',5),(2022,1,'CE','SEHV1010','Universal Human Values','ARP',0),(2022,1,'CE','SESH1070','Fundamentals of Mathematics','PDF',4),(2022,1,'CE','SESH1240','Electrical & Electronics Workshop','DMJ',1),(2022,1,'CSE','SECE1050','Programming for Problem Solving','VSC',5),(2022,1,'CSE','SECV1040','Basics of Civil & Mechanical Engineering','RKR',5),(2022,1,'CSE','SEHV1010','Universal Human Values','ARP',0),(2022,1,'CSE','SESH1070','Fundamentals of Mathematics','PDF',4),(2022,1,'CSE','SESH1240','Electrical & Electronics Workshop','DMJ',1),(2022,1,'IT','SECV1040','Basics of Civil & Mechanical Engineering','RKR',5),(2022,1,'IT','SEHV1010','Universal Human Values','ARP',0),(2022,1,'IT','SEIT1050','Programming for Problem Solving','VSC',5),(2022,1,'IT','SESH1070','Fundamentals of Mathematics','PDF',4),(2022,1,'IT','SESH1240','Electrical & Electronics Workshop','DMJ',1),(2022,2,'AIML','SAIML2010','Data Structures with Python','PVV',5),(2022,2,'AIML','SAIML2020','Probability & Statistics','PDF',5),(2022,2,'AIML','SAIML2030','Linear Algebra','NND',4),(2022,2,'AIML','SAIML2040','Introduction to Machine Learning','RHC',5),(2022,2,'AIML','SAIML2050','Engineering Workshop','KMP',1),(2022,2,'CE','CFLS1010','Linguistic Proficiency','ARP',2),(2022,2,'CE','SEIT1010','Introduction to Web Designing','HAP',1),(2022,2,'CE','SEIT1030','Object Oriented Programming with Java','VSC',5),(2022,2,'CE','SEME1020','Engineering Workshop','KMP',1),(2022,2,'CE','SEME1040','Concept of Engineering Workshop','RKR',3),(2022,2,'CE','SESH1080','Linear Algebra & Calculus','PDF',5),(2022,2,'CE','SESH1210','Applied Physics','NND',4),(2022,2,'CSE','CFLS1010','Linguistic Proficiency','ARP',2),(2022,2,'CSE','SEIT1010','Introduction to Web Designing','HAP',1),(2022,2,'CSE','SEIT1030','Object Oriented Programming with Java','VSC',5),(2022,2,'CSE','SEME1020','Engineering Workshop','KMP',1),(2022,2,'CSE','SEME1040','Concept of Engineering Workshop','RKR',3),(2022,2,'CSE','SESH1080','Linear Algebra & Calculus','PDF',5),(2022,2,'CSE','SESH1210','Applied Physics','NND',4),(2022,2,'IT','CFLS1010','Linguistic Proficiency','ARP',2),(2022,2,'IT','SEIT1010','Introduction to Web Designing','HAP',1),(2022,2,'IT','SEIT1030','Object Oriented Programming with Java','VSC',5),(2022,2,'IT','SEME1020','Engineering Workshop','KMP',1),(2022,2,'IT','SEME1040','Concept of Engineering Workshop','RKR',3),(2022,2,'IT','SESH1080','Linear Algebra & Calculus','PDF',5),(2022,2,'IT','SESH1210','Applied Physics','NND',4),(2022,3,'AIML','SAIML3010','Deep Learning Fundamentals','VSC',5),(2022,3,'AIML','SAIML3020','Database Management Systems','RHC',5),(2022,3,'AIML','SAIML3030','Natural Language Processing','BAW',5),(2022,3,'AIML','SAIML3040','Computer Vision','BHS',5),(2022,3,'AIML','SAIML3050','Discrete Mathematics','PDF',4),(2022,3,'CE','CFLS1020','Global Communication Skills','ARP',4),(2022,3,'CE','SECE2021','Digital Workshop','DMJ',1),(2022,3,'CE','SECE2031','Data Structures','PVV',5),(2022,3,'CE','SECE2111','Database Management System','RHC',5),(2022,3,'CE','SECE2120','Programming with Python','BAW',5),(2022,3,'CE','SEIT2041','Mobile Application Development','BHS',5),(2022,3,'CE','SESH2040','Discrete Mathematics','PDF',5),(2022,3,'CSE','CFLS1020','Global Communication Skills','ARP',4),(2022,3,'CSE','SECE2021','Digital Workshop','DMJ',1),(2022,3,'CSE','SECE2031','Data Structures','PVV',5),(2022,3,'CSE','SECE2111','Database Management System','RHC',5),(2022,3,'CSE','SECE2120','Programming with Python','BAW',5),(2022,3,'CSE','SEIT2041','Mobile Application Development','BHS',5),(2022,3,'CSE','SESH2040','Discrete Mathematics','PDF',5),(2022,3,'IT','CFLS1020','Global Communication Skills','ARP',4),(2022,3,'IT','SEIT2021','Digital Workshop','DMJ',1),(2022,3,'IT','SEIT2031','Data Structures','PVV',5),(2022,3,'IT','SEIT2041','Mobile Application Development','BHS',5),(2022,3,'IT','SEIT2111','Database Management System','RHC',5),(2022,3,'IT','SEIT2120','Programming with Python','BAW',5),(2022,3,'IT','SESH2040','Discrete Mathematics','PDF',5),(2022,4,'AIML','SAIML4010','Reinforcement Learning','SEV',4),(2022,4,'AIML','SAIML4020','Cloud Computing for AI','APS',5),(2022,4,'AIML','SAIML4030','Data Mining & Warehousing','PDF',4),(2022,4,'AIML','SAIML4040','Elective-I (AI Ethics)','NND',3),(2022,4,'AIML','SAIML4050','Software Engineering','SEV',4),(2022,4,'CE','SECE3010','Software Engineering','SEV',4),(2022,4,'CE','SECE3020','Operating Systems','APS',5),(2022,4,'CE','SECE3030','Computer Organization & Architecture','RKR',5),(2022,4,'CE','SECE3040','Design & Analysis of Algorithms','VSC',5),(2022,4,'CE','SECE3050','Elective-I (Cyber Security)','NND',3),(2022,4,'CSE','SECE3010','Software Engineering','SEV',4),(2022,4,'CSE','SECE3020','Operating Systems','APS',5),(2022,4,'CSE','SECE3030','Computer Organization & Architecture','RKR',5),(2022,4,'CSE','SECE3040','Design & Analysis of Algorithms','VSC',5),(2022,4,'CSE','SECE3050','Elective-I (Cyber Security)','NND',3),(2022,4,'IT','SEIT3010','Software Engineering','SEV',4),(2022,4,'IT','SEIT3020','Operating Systems','APS',5),(2022,4,'IT','SEIT3030','Computer Organization & Architecture','RKR',5),(2022,4,'IT','SEIT3040','Design & Analysis of Algorithms','VSC',5),(2022,4,'IT','SEIT3050','Elective-I (Cyber Security)','NND',3),(2022,5,'AIML','SAIML5010','Advanced Machine Learning','BAW',5),(2022,5,'AIML','SAIML5020','Big Data Analytics','VSC',4),(2022,5,'AIML','SAIML5030','Neural Networks','RKR',5),(2022,5,'AIML','SAIML5040','Elective-II (Robotics)','BHS',3),(2022,5,'AIML','SAIML5050','Compiler Design','RHC',5),(2022,5,'CE','SECE4010','Web Technologies','HAP',4),(2022,5,'CE','SECE4020','Artificial Intelligence','BHS',4),(2022,5,'CE','SECE4030','Machine Learning','BAW',4),(2022,5,'CE','SECE4040','Compiler Design','RHC',5),(2022,5,'CE','SECE4050','Elective-II (IoT)','PVV',3),(2022,5,'CSE','SECE4010','Web Technologies','HAP',4),(2022,5,'CSE','SECE4020','Artificial Intelligence','BHS',4),(2022,5,'CSE','SECE4030','Machine Learning','BAW',4),(2022,5,'CSE','SECE4040','Compiler Design','RHC',5),(2022,5,'CSE','SECE4050','Elective-II (IoT)','PVV',3),(2022,5,'IT','SEIT4010','Web Technologies','HAP',4),(2022,5,'IT','SEIT4020','Artificial Intelligence','BHS',4),(2022,5,'IT','SEIT4030','Machine Learning','BAW',4),(2022,5,'IT','SEIT4040','Compiler Design','RHC',5),(2022,5,'IT','SEIT4050','Elective-II (IoT)','PVV',3),(2022,6,'AIML','SAIML6010','AI in Healthcare','PVV',4),(2022,6,'AIML','SAIML6020','Deep Reinforcement Learning','VSC',5),(2022,6,'AIML','SAIML6030','Cloud AI Solutions','SEV',4),(2022,6,'AIML','SAIML6040','Elective-III (Blockchain for AI)','RHC',4),(2022,6,'AIML','SAIML6050','Software Project Management','KED',3),(2022,6,'CE','SECE5010','Data Mining & Warehousing','APS',4),(2022,6,'CE','SECE5020','Cloud Computing','SEV',4),(2022,6,'CE','SECE5030','Theory of Computation','PDF',5),(2022,6,'CE','SECE5040','Software Project Management','KED',3),(2022,6,'CE','SECE5050','Elective-III (Blockchain Technology)','RHC',4),(2022,6,'CSE','SECE5010','Data Mining & Warehousing','APS',4),(2022,6,'CSE','SECE5020','Cloud Computing','SEV',4),(2022,6,'CSE','SECE5030','Theory of Computation','PDF',5),(2022,6,'CSE','SECE5040','Software Project Management','KED',3),(2022,6,'CSE','SECE5050','Elective-III (Blockchain Technology)','RHC',4),(2022,6,'IT','SEIT5010','Data Mining & Warehousing','APS',4),(2022,6,'IT','SEIT5020','Cloud Computing','SEV',4),(2022,6,'IT','SEIT5030','Theory of Computation','PDF',5),(2022,6,'IT','SEIT5040','Software Project Management','KED',3),(2022,6,'IT','SEIT5050','Elective-III (Blockchain Technology)','RHC',4),(2022,7,'AIML','SAIML7010','Capstone Project-I','BAW',6),(2022,7,'AIML','SAIML7020','Deep Learning Project','VSC',5),(2022,7,'AIML','SAIML7030','Natural Language Processing Project','RHC',5),(2022,7,'AIML','SAIML7040','Elective-IV (AI & IoT)','BHS',3),(2022,7,'AIML','SAIML7050','Seminar & Industrial Training','DMJ',2),(2022,7,'CE','SECE6010','Big Data Analytics','BAW',4),(2022,7,'CE','SECE6020','Deep Learning','VSC',4),(2022,7,'CE','SECE6030','Distributed Systems','RKR',5),(2022,7,'CE','SECE6040','Elective-IV (AI & Robotics)','BHS',3),(2022,7,'CE','SECE6050','Seminar & Project-I','DMJ',2),(2022,7,'CSE','SECE6010','Big Data Analytics','BAW',4),(2022,7,'CSE','SECE6020','Deep Learning','VSC',4),(2022,7,'CSE','SECE6030','Distributed Systems','RKR',5),(2022,7,'CSE','SECE6040','Elective-IV (AI & Robotics)','BHS',3),(2022,7,'CSE','SECE6050','Seminar & Project-I','DMJ',2),(2022,7,'IT','SEIT6010','Big Data Analytics','BAW',4),(2022,7,'IT','SEIT6020','Deep Learning','VSC',4),(2022,7,'IT','SEIT6030','Distributed Systems','RKR',5),(2022,7,'IT','SEIT6040','Elective-IV (AI & Robotics)','BHS',3),(2022,7,'IT','SEIT6050','Seminar & Project-I','DMJ',2),(2022,8,'AIML','SAIML8010','Major Project-II','RHC',6),(2022,8,'AIML','SAIML8020','Internship/Industry Training','APS',2),(2022,8,'AIML','SAIML8030','Advanced AI Techniques','PDF',4),(2022,8,'AIML','SAIML8040','Elective-V (AI & Robotics)','SEV',3),(2022,8,'CE','SECE7010','Major Project','RHC',6),(2022,8,'CE','SECE7020','Internship/Industry Training','APS',2),(2022,8,'CE','SECE7030','Information Retrieval','PDF',3),(2022,8,'CE','SECE7040','Elective-V (Cloud Security)','SEV',3),(2022,8,'CSE','SECE7010','Major Project','RHC',6),(2022,8,'CSE','SECE7020','Internship/Industry Training','APS',2),(2022,8,'CSE','SECE7030','Information Retrieval','PDF',3),(2022,8,'CSE','SECE7040','Elective-V (Cloud Security)','SEV',3),(2022,8,'IT','SEIT7010','Major Project','RHC',6),(2022,8,'IT','SEIT7020','Internship/Industry Training','APS',2),(2022,8,'IT','SEIT7030','Information Retrieval','PDF',3),(2022,8,'IT','SEIT7040','Elective-V (Cloud Security)','SEV',3);
/*!40000 ALTER TABLE `subject` ENABLE KEYS */;
UNLOCK TABLES;
/*!40103 SET TIME_ZONE=@OLD_TIME_ZONE */;

/*!40101 SET SQL_MODE=@OLD_SQL_MODE */;
/*!40014 SET FOREIGN_KEY_CHECKS=@OLD_FOREIGN_KEY_CHECKS */;
/*!40014 SET UNIQUE_CHECKS=@OLD_UNIQUE_CHECKS */;
/*!40101 SET CHARACTER_SET_CLIENT=@OLD_CHARACTER_SET_CLIENT */;
/*!40101 SET CHARACTER_SET_RESULTS=@OLD_CHARACTER_SET_RESULTS */;
/*!40101 SET COLLATION_CONNECTION=@OLD_COLLATION_CONNECTION */;
/*!40111 SET SQL_NOTES=@OLD_SQL_NOTES */;

-- Dump completed on 2025-09-07 17:48:20
